{
    "meshes":[
/*
v -1.000000 1.059783 -1.000000
v 1.000000 -0.940218 1.000000
v 1.000000 -0.940217 -1.000000
v -1.000000 -0.940217 -1.000000
v -1.000000 1.059782 1.000000
v -1.000000 -0.940218 1.000000
vn 0.7071 0.7071 0.0000
vn 0.0000 0.0000 -1.0000
vn 0.0000 -0.0000 1.0000
f 1//1 2//1 3//1
f 5//1 2//1 1//1
f 1//2 3//2 4//2
f 5//3 6//3 2//3
*/
/* 0 */	{
			"verticies": [
				[-1.000000,  1.059783, -1.000000],
				[ 1.000000, -0.940218,  1.000000],
				[ 1.000000, -0.940217, -1.000000],
				[-1.000000, -0.940217, -1.000000],
				[-1.000000,  1.059782,  1.000000],
				[-1.000000, -0.940218,  1.000000]
			],
			"normals": [
				[0.7071, 0.7071,  0.0000],
				[0.0000, 0.0000, -1.0000],
				[0.0000, 0.0000,  1.0000]
			],
			"faces": [
				{"normal": 0, "verticies": [0, 1, 2]},
				{"normal": 0, "verticies": [4, 1, 0]},
				{"normal": 1, "verticies": [0, 2, 3]},
				{"normal": 2, "verticies": [4, 5, 1]}
			]
		}
	],
	
	"models":[
        {"mesh": 0, "position": [11.5, 6.5, 0.0], "solid": true }
	]
}