{
    "meshes":[
/*
v 1.000000 0.016555 -1.000000
v 1.000000 0.016555 1.000000
v -1.000000 0.016555 1.000000
v -1.000000 0.016555 -1.000000
v -1.000000 2.016555 1.000000
v -1.000000 2.016555 -1.000000
vn 0.7071 0.7071 0.0000
vn 0.0000 0.0000 -1.0000
vn -0.0000 0.0000 1.0000
f 6//1 2//1 1//1
f 6//2 1//2 4//2
f 5//1 2//1 6//1
f 5//3 3//3 2//3
*/
/* 0 */	{
			"verticies": [
				[ 1.000000, 0.016555, -1.000000],
				[ 1.000000, 0.016555,  1.000000],
				[-1.000000, 0.016555,  1.000000],
				[-1.000000, 0.016555, -1.000000],
				[-1.000000, 2.016555,  1.000000],
				[-1.000000, 2.016555, -1.000000]
			],
			"normals": [
				[ 0.7071, 0.7071,  0.0000],
				[ 0.0000, 0.0000, -1.0000],
				[-0.0000, 0.0000,  1.0000]
			],
			"faces": [
				{"normal": 0, "verticies": [5, 1, 0]},
				{"normal": 0, "verticies": [4, 1, 5]},
				{"normal": 1, "verticies": [5, 0, 3]},
				{"normal": 2, "verticies": [4, 2, 1]}
			]
		}
	],
	
	"models":[
        {"mesh": 0, "position": [15.5, 4.5, 0.0], "solid": true }
	]
}